Název,Odkaz
15 minut, https://www.csfd.cz/film/11967-15-minut/prehled/
ad astra, https://www.csfd.cz/film/528090-ad-astra/prehled/
187 - kód pro vraždu, https://www.csfd.cz/film/7680-187-kod-pro-vrazdu/prehled/
automata, https://www.csfd.cz/film/304693-automata/prehled/
batman - dying is easy, https://www.csfd.cz/film/998756-batman-dying-is-easy/prehled/
apollo 13, https://www.csfd.cz/film/4541-apollo-13/prehled/
2001 vesmírná odysea, https://www.csfd.cz/film/5393-2001-vesmirna-odysea/prehled/
bad milo!, https://www.csfd.cz/film/336586-milo/prehled/
battle royale, https://www.csfd.cz/film/75154-battle-royale/prehled/
americká vražda rodina od vedle, https://www.csfd.cz/film/911013-americka-vrazda-rodina-od-vedle/prehled/
bajo la rosa, https://www.csfd.cz/film/545118-bajo-la-rosa/prehled/
asterix a obelix mise kleopatra, https://www.csfd.cz/film/12006-asterix-a-obelix-mise-kleopatra/prehled/
asterix a obelix kontra caesar, https://www.csfd.cz/film/12007-asterix-a-obelix/prehled/
bankéř, https://www.csfd.cz/film/787059-banker/prehled/
anthropoid, https://www.csfd.cz/film/405971-anthropoid/prehled/
1984, https://www.csfd.cz/film/13487-1984/prehled/
argo, https://www.csfd.cz/film/299781-argo-nebezpecny-utek/prehled/
amores perros, https://www.csfd.cz/film/35429-amores-perros-laska-je-kurva/prehled/
americká krása, https://www.csfd.cz/film/6654-americka-krasa/prehled/
believe me the abduction of lisa mcvey, https://www.csfd.cz/film/928205-verte-mi-unos-lisy-mcveyove/prehled/
blackkklansman, https://www.csfd.cz/film/603877-blackkklansman/prehled/
boj, https://www.csfd.cz/film/379846-boj/prehled/
benga v záloze, https://www.csfd.cz/film/266717-benga-v-zaloze/prehled/
bejvalka ze záhrobí, https://www.csfd.cz/film/367538-bejvalka-ze-zahrobi/prehled/
bestie bez vlasti, https://www.csfd.cz/film/271859-bestie-bez-vlasti/prehled/
borat 2 borat subsequent moviefilm, https://www.csfd.cz/film/281929-boratuv-navazany-telefilm/prehled/
bumblebee, https://www.csfd.cz/film/357826-bumblebee/prehled/
chlapec 1, https://www.csfd.cz/film/68446-the-boy/prehled/
calibre, https://www.csfd.cz/film/626675-calibre/prehled/
bunraku, https://www.csfd.cz/film/238347-bunraku/prehled/
co dělat v denveru když člověk nežije, https://www.csfd.cz/film/11133-co-delat-v-denveru-kdyz-clovek-nezije/prehled/
con air, https://www.csfd.cz/film/9714-con-air/prehled/
byl jsem při tom, https://www.csfd.cz/film/21144-byl-jsem-pri-tom/prehled/
chicagský tribunál, https://www.csfd.cz/film/237309-chicagsky-tribunal/prehled/
den 12 mann, https://www.csfd.cz/film/527214-ten-dvanacty/prehled/
debbie a její parťačky, https://www.csfd.cz/film/453840-debbie-a-jeji-partacky/prehled/
cruella, https://www.csfd.cz/film/722256-cruella/prehled/
co děláme v temnotách, https://www.csfd.cz/film/684819-co-delame-v-temnotach/prehled/
coach carter, https://www.csfd.cz/film/180958-kouc-carter/prehled/
chuckyho kult, https://www.csfd.cz/film/242237-chuckyho-kult/prehled/
divoká planeta, https://www.csfd.cz/film/88180-divoka-planeta/prehled/
district 9, https://www.csfd.cz/film/257869-district-9/prehled/
climax, https://www.csfd.cz/film/617305-climax/prehled/
3.10 vlak do yumy, https://www.csfd.cz/film/228259-3-10-vlak-do-yumy/prehled/
co žere gilberta grapea, https://www.csfd.cz/film/4099-co-zere-gilberta-grapea/prehled/
dogman, https://www.csfd.cz/film/603906-dogman/prehled/
david attenborough - život na naší planetě, https://www.csfd.cz/film/812944-david-attenborough-zivot-na-nasi-planete/prehled/
dokonalý svědek s.r.o., https://www.csfd.cz/film/356220-dokonaly-svedek-s-r-o/prehled/
dolores claiborneová, https://www.csfd.cz/film/4062-dolores-claiborneova/prehled/
drive angry, https://www.csfd.cz/film/268617-drive-angry/prehled/
drsnej shaft, https://www.csfd.cz/film/8419-drsnej-shaft/prehled/
dumbo, https://www.csfd.cz/film/527755-dumbo/prehled/
dunkirk, https://www.csfd.cz/film/67105-dunkerk/prehled/
drsný spasitel, https://www.csfd.cz/film/426245-drsny-spasitel/prehled/
dva dny jedna noc, https://www.csfd.cz/film/346887-dva-dny-jedna-noc/prehled/
dvanáct, https://www.csfd.cz/film/767419-dvanact/recenze/
dvojitý rande, https://www.csfd.cz/film/523112-dvojity-rande/prehled/
déjà vu, https://www.csfd.cz/film/215206-vzpominky/prehled/
el habitante incierto, https://www.csfd.cz/film/266080-el-habitante-incierto/prehled/
dívka ve sklepě, https://www.csfd.cz/film/992649-divka-ve-sklepe/prehled/
escobar, https://www.csfd.cz/film/540955-escobar/prehled/
el guardián invisible, https://www.csfd.cz/film/447666-el-guardian-invisible/prehled/
equalizer 2, https://www.csfd.cz/film/55220-equalizer-2/prehled/
el hoyo, https://www.csfd.cz/film/764306-dira/prehled/
evil dead 1, https://www.csfd.cz/film/7557-lesni-duch/prehled/
el practicante, https://www.csfd.cz/film/880098-zdravotnik/prehled/
děkujeme že kouříte, https://www.csfd.cz/film/206019-dekujeme-ze-kourite/prehled/
evil dead 3 armáda temnot, https://www.csfd.cz/film/7552-armada-temnot/prehled/
evil dead 2, https://www.csfd.cz/film/7556-smrtelne-zlo-2/prehled/
feedback, https://www.csfd.cz/film/684018-feedback/prehled/
forest gump, https://www.csfd.cz/film/10135-forrest-gump/prehled/
gejsa, https://www.csfd.cz/film/194895-gejsa/prehled/
flintstoneovi, https://www.csfd.cz/film/14496-flintstoneovi/prehled/
frozen 1, https://www.csfd.cz/film/328862-ledove-kralovstvi/prehled/
grindhouse auto zabiják, https://www.csfd.cz/film/229384-grindhouse-auto-zabijak/prehled/
ghostbusters 1984, https://www.csfd.cz/film/10360-krotitele-duchu/prehled/
grinch 2018, https://www.csfd.cz/film/360067-grinch/prehled/
gangy new yorku, https://www.csfd.cz/film/8245-gangy-new-yorku/prehled/
good boys, https://www.csfd.cz/film/627993-hodni-hosi/prehled/
fractured, https://www.csfd.cz/film/763682-roztristeni/prehled/
fighting with my family, https://www.csfd.cz/film/509253-souboj-s-rodinou/prehled/
godzilla, https://www.csfd.cz/film/290268-godzilla/prehled/
hawking, https://www.csfd.cz/tvurce/54381-stephen-hawking/prehled/
hleda se dory, https://www.csfd.cz/film/334813-hleda-se-dory/prehled/
hezké vstávání, https://www.csfd.cz/film/258253-hezke-vstavani/prehled/
fury, https://www.csfd.cz/film/339501-zelezna-srdce/prehled/
gerald´s game, https://www.csfd.cz/film/373935-gerald-s-game/prehled/
godzila 2014, https://www.csfd.cz/film/290268-godzilla/prehled/
hogar, https://www.csfd.cz/film/834527-kde-jsem-doma/prehled/
greyhound, https://www.csfd.cz/film/612768-greyhound-bitka-o-atlantik/prehled/
hory mají oči 1, https://www.csfd.cz/film/221274-hory-maji-oci/prehled/
honba za svobodou, https://www.csfd.cz/film/133560-hon-za-svobodou/prehled/
holky na výletě, https://www.csfd.cz/film/410504-holky-na-vylete/prehled/
hory mají oči 2, https://www.csfd.cz/film/224071-hory-maji-oci-2/prehled/
hra o všechno, https://www.csfd.cz/film/55402-hra-o-vsechno/prehled/
incident, https://www.csfd.cz/film/10209-incident/prehled/
hořkých sedmnáct, https://www.csfd.cz/film/432666-horkych-sedmnact/prehled/
jak jsem rozpoutal druhou světovou válku, https://www.csfd.cz/film/96018-jak-jsem-rozpoutal-druhou-svetovou-valku/prehled/
jako v bavlnce, https://www.csfd.cz/film/820835-jako-v-bavlnce/prehled/
janghwa hongryeon kor, https://www.csfd.cz/film/169681-janghwa-hongryeon/prehled/
jackass 1, https://www.csfd.cz/film/45560-jackass-film/prehled/
kafarnaum, https://www.csfd.cz/film/617446-kafarnaum/prehled/
kazišuci, https://www.csfd.cz/film/482948-kazisuci/prehled/
karlík a továrna na čokoládu, https://www.csfd.cz/film/135983-karlik-a-tovarna-na-cokoladu/prehled/
kmotr 1 cz, https://www.csfd.cz/film/1644-kmotr/prehled/
kler, https://www.csfd.cz/film/650136-kler/prehled/
kmotr 4k cz, https://www.csfd.cz/film/1644-kmotr/prehled/
kokain, https://www.csfd.cz/film/14321-kokain/prehled/
krycí jméno donnie brasco, https://www.csfd.cz/film/14513-kryci-jmeno-donnie-brasco/prehled/
krycí jméno u.n.c.l.e., https://www.csfd.cz/film/286954-kryci-jmeno-u-n-c-l-e/prehled/
la piel que habito, https://www.csfd.cz/film/282333-kuze-kterou-nosim/prehled/
land, https://www.csfd.cz/film/957556-zeme/prehled/
kurýr restart, https://www.csfd.cz/film/381406-kuryr-restart/prehled/
le mans '66, https://www.csfd.cz/film/332773-le-mans-66/prehled/
kód enigmy, https://www.csfd.cz/film/283747-kod-enigmy/prehled/
los ojos de julia, https://www.csfd.cz/film/282302-los-ojos-de-julia/prehled/
legendy z dogtownu, https://www.csfd.cz/film/116453-legendy-z-dogtownu/prehled/
mad max 1, https://www.csfd.cz/film/267974-sileny-max-zbesila-cesta/prehled/
láska a příšery, https://www.csfd.cz/film/751315-laska-a-prisery/prehled/
magnolia, https://www.csfd.cz/film/159-magnolia/prehled/
lovci hlav, https://www.csfd.cz/film/294372-lovci-hlav/prehled/
mad max 2 bojovník silnic, https://www.csfd.cz/film/6723-sileny-max-bojovnik-silnic/prehled/
mad max 3 dóm hromu, https://www.csfd.cz/film/6724-sileny-max-dom-hromu/prehled/
madres paralelas, https://www.csfd.cz/film/906707-paralelni-matky/prehled/
match point - hra osudu, https://www.csfd.cz/film/220721-match-point-hra-osudu/prehled/
mandy, https://www.csfd.cz/film/577420-mandy-kult-pomsty/prehled/
mauglí příběh džungle, https://www.csfd.cz/film/383683-maugli-pribeh-dzungle/prehled/
margin call, https://www.csfd.cz/film/278448-den-pred-krizi/prehled/
mechanický pomeranč, https://www.csfd.cz/film/5395-mechanicky-pomeranc/prehled/
mechanik zabiják 2 vzkříšení, https://www.csfd.cz/film/368019-mechanik-zabijak-vzkriseni/prehled/
merlin, https://www.csfd.cz/film/248147-merlin/prehled/
meru, https://www.csfd.cz/film/395072-meru/prehled/
misery nechce zemřít, https://www.csfd.cz/film/7623-misery-nechce-zemrit/prehled/
minority report, https://www.csfd.cz/film/8647-minority-report/prehled/
minamata, https://www.csfd.cz/film/732181-minamata/prehled/
miami vice, https://www.csfd.cz/film/205734-miami-vice/prehled/
mizerové navždy, https://www.csfd.cz/film/267956-mizerove-navzdy/prehled/
morbius, https://www.csfd.cz/film/693995-morbius/prehled/
moneyball, https://www.csfd.cz/film/255150-moneyball/prehled/
muž na laně, https://www.csfd.cz/film/367138-muz-na-lane/prehled/
most špionů, https://www.csfd.cz/film/381251-most-spionu/prehled/
máš ji!, https://www.csfd.cz/film/512218-mas-ji/prehled/
nabarvené ptáče, https://www.csfd.cz/film/167371-nabarvene-ptace/prehled/
muži v černém globální hrozba, https://www.csfd.cz/film/337244-muzi-v-cernem-globalni-hrozba/prehled/
narušitel systému, https://www.csfd.cz/film/692567-narusitel-systemu/prehled/
musíme si pomáhat, https://www.csfd.cz/film/4567-musime-si-pomahat/prehled/
nekonečný, https://www.csfd.cz/film/728812-infinite/prehled/
největší showman, https://www.csfd.cz/film/301717-nejvetsi-showman/prehled/
muž se železnou maskou, https://www.csfd.cz/film/12063-muz-se-zeleznou-maskou/prehled/
netvor, https://www.csfd.cz/film/265866-netvor/prehled/
nočni můry z temnot, https://www.csfd.cz/film/649289-nocni-mury-z-temnot/prehled/
nepřítel před branami, https://www.csfd.cz/film/164-nepritel-pred-branami/prehled/
neznámý voják, https://www.csfd.cz/film/61418-neznamy-vojak/prehled/
noční můra v elm street, https://www.csfd.cz/film/1761-nocni-mura-v-elm-street/prehled/
noční jízda, https://www.csfd.cz/film/334780-nocni-jizda/prehled/
nákaza, https://www.csfd.cz/film/273515-nakaza/prehled/
never sleep again the elm street legacy, https://www.csfd.cz/film/278192-never-sleep-again-the-elm-street-legacy/prehled/
návrat do silent hill, https://www.csfd.cz/film/245640-navrat-do-silent-hill-3d/prehled/
obřad, https://www.csfd.cz/film/274486-obrad/prehled/
ofrenda a la tormenta, https://www.csfd.cz/film/833589-obet-bouri/prehled/
obhájce, https://www.csfd.cz/film/281083-obhajce/prehled/
obraz doriana graye, https://www.csfd.cz/film/246886-dorian-gray/prehled/
obchodník se smrtí, https://www.csfd.cz/film/189557-obchodnik-se-smrti/prehled/
osvícení, https://www.csfd.cz/film/5407-osviceni/prehled/
otec, https://www.csfd.cz/film/811894-otec/prehled/
pach krve 2021, https://www.csfd.cz/film/687084-wrong-turn/prehled/
osudový dotek, https://www.csfd.cz/film/45608-osudovy-dotek/prehled/
patriot, https://www.csfd.cz/film/2575-patriot/prehled/
odpočítávání, https://www.csfd.cz/film/206423-odpocitavani/prehled/
ospalá díra, https://www.csfd.cz/film/1080-ospala-dira/prehled/
pahanhautoja, https://www.csfd.cz/film/980996-ono/prehled/
philadelphia, https://www.csfd.cz/film/2355-philadelphia/prehled/
parchanti, https://www.csfd.cz/film/256865-parchanti/prehled/
pláž, https://www.csfd.cz/film/897-plaz/prehled/
pašerák, https://www.csfd.cz/film/625882-paserak/prehled/
pokání, https://www.csfd.cz/film/224935-pokani/prehled/
pomsta mrtvého muže, https://www.csfd.cz/film/305954-pomsta-mrtveho-muze/prehled/
pravdivá romance, https://www.csfd.cz/film/8289-pravdiva-romance/prehled/
oko bere, https://www.csfd.cz/film/231935-oko-bere/prehled/
povídka o policajtovi, https://www.csfd.cz/film/32474-povidka-o-policajtovi/prehled/
pravdivé lži, https://www.csfd.cz/film/1251-pravdive-lzi/prehled/
pozemšťan, https://www.csfd.cz/film/235331-pozemstan/prehled/
případ sk1, https://www.csfd.cz/film/394422-pripad-sk1/prehled/
rec 2, https://www.csfd.cz/film/245655-rec-2/prehled/
predátor evoluce, https://www.csfd.cz/film/377500-predator-evoluce/prehled/
profile, https://www.csfd.cz/film/592594-profil/prehled/
prázdnota, https://www.csfd.cz/film/773468-prazdnota/prehled/
propast, https://www.csfd.cz/film/1244-propast/prehled/
rambo 1 první krev, https://www.csfd.cz/film/16097-rambo-prvni-krev/prehled/
ranař, https://www.csfd.cz/film/287241-ranar/prehled/
rallye smrti 2, https://www.csfd.cz/film/267967-rallye-smrti-2/prehled/
red 2, https://www.csfd.cz/film/313091-red-2/prehled/
que dios nos perdone, https://www.csfd.cz/film/440803-que-dios-nos-perdone/prehled/
red 1, https://www.csfd.cz/film/263907-red-vo-vysluzbe-a-extremne-nebezpecni/prehled/
rec 1, https://www.csfd.cz/film/232793-rec/prehled/
rambo 2, https://www.csfd.cz/film/1727-rambo-ii/prehled/
road to perdition, https://www.csfd.cz/film/6656-road-to-perdition/prehled/
red notice, https://www.csfd.cz/film/609660-red-notice/prehled/
rambo 4 do pekla a zpět, https://www.csfd.cz/film/220982-rambo-do-pekla-a-zpet/prehled/
rambo 5 poslední krev, https://www.csfd.cz/film/623665-rambo-posledni-krev/prehled/
samotáři, https://www.csfd.cz/film/7064-samotari/prehled/
robocop 1987, https://www.csfd.cz/film/9298-robocop/prehled/
rakka, https://www.csfd.cz/film/520839-rakka/prehled/
sazka na nejistotu, https://www.csfd.cz/film/410755-sazka-na-nejistotu/prehled/
sahara, https://www.csfd.cz/film/118121-sahara/prehled/
sbal prachy a vypadni, https://www.csfd.cz/film/7698-sbal-prachy-a-vypadni/prehled/
sejmi eso, https://www.csfd.cz/film/98794-sejmi-eso/prehled/
s.w.a.t. - jednotka rychlého nasazení, https://www.csfd.cz/film/44487-s-w-a-t-jednotka-rychleho-nasazeni/prehled/
složka 64, https://www.csfd.cz/film/568177-slozka-64/prehled/
smrtonosná past 3, https://www.csfd.cz/film/6643-smrtonosna-past-3/prehled/
smrtonosná past 4.0, https://www.csfd.cz/film/71041-smrtonosna-past-4-0/prehled/
smrtihlav, https://www.csfd.cz/film/55410-smrtihlav/prehled/
smrtonosná zbraň 1, https://www.csfd.cz/film/2438-smrtonosna-zbran/prehled/
rychle a zběsile 9 hobbs a shaw, https://www.csfd.cz/film/550645-rychle-a-zbesile-hobbs-a-shaw/prehled/
smrtonosná zbraň 2, https://www.csfd.cz/film/2439-smrtonosna-zbran-2/prehled/
rohy, https://www.csfd.cz/film/307990-rohy/prehled/
smrtonosná zbraň 3, https://www.csfd.cz/film/2440-smrtonosna-zbran-3/prehled/
sněhulák, https://www.csfd.cz/film/306966-snehulak/prehled/
spirála strachu - saw pokračuje, https://www.csfd.cz/film/744897-spirala-strachu-saw-pokracuje/prehled/
skrytá identita, https://www.csfd.cz/film/221020-skryta-identita/prehled/
smrtonosná zbraň 4 opět v akci, https://www.csfd.cz/film/2441-smrtonosna-zbran-4/prehled/
sin nombre, https://www.csfd.cz/film/254456-bez-mena/prehled/
strings, https://www.csfd.cz/film/209163-strings/prehled/
silent hill, https://www.csfd.cz/film/194908-silent-hill/prehled/
rockeři, https://www.csfd.cz/film/11099-rockeri/prehled/
společnost mrtvých básníků, https://www.csfd.cz/film/9558-spolecnost-mrtvych-basniku/prehled/
strach a hnus v las vegas, https://www.csfd.cz/film/3303-strach-a-hnus-v-las-vegas/prehled/
surfařka, https://www.csfd.cz/film/273291-surfarka/prehled/
stážista, https://www.csfd.cz/film/383682-stazista/prehled/
střihoruký edward, https://www.csfd.cz/film/1073-strihoruky-edward/prehled/
svět podle daliborka, https://www.csfd.cz/film/155042-svet-podle-daliborka/prehled/
sweeney todd - ďábelský holič z fleet street, https://www.csfd.cz/film/224930-sweeney-todd-dabelsky-holic-z-fleet-street/prehled/
tajemná řeka, https://www.csfd.cz/film/43014-tajemna-reka/prehled/
tata v sukni, https://www.csfd.cz/film/1630-mrs-doubtfire-tata-v-sukni/prehled/
telefon, https://www.csfd.cz/film/685377-telefon/prehled/
tenká červená linie, https://www.csfd.cz/film/6342-tenka-cervena-linie/prehled/
terminátor 4 salvation, https://www.csfd.cz/film/227774-terminator-salvation/prehled/
telefonní budka, https://www.csfd.cz/film/8227-telefonni-budka/prehled/
temné údolí, https://www.csfd.cz/film/342174-temne-udoli/prehled/
svět podle prota, https://www.csfd.cz/film/10995-svet-podle-prota/prehled/
terminátor 3 vzpoura strojů, https://www.csfd.cz/film/15908-terminator-3-vzpoura-stroju/prehled/
the courier, https://www.csfd.cz/film/792757-hra-spionu/prehled/
the last king of scotland, https://www.csfd.cz/film/209160-posledni-skotsky-kral/prehled/
the nightmare before christmas, https://www.csfd.cz/film/29484-ukradene-vanoce/prehled/
the strangers 1, https://www.csfd.cz/film/230542-oni/prehled/
the siege of jadotville, https://www.csfd.cz/film/54214-the-siege-of-jadotville/prehled/
the head hunter, https://www.csfd.cz/film/654535-the-head-hunter/prehled/
the star wars holiday special, https://www.csfd.cz/film/73472-hvezdne-valky-svatecni-special/prehled/
trojúhelník smutku, https://www.csfd.cz/film/875719-trojuhelnik-smutku/prehled/
total recall, https://www.csfd.cz/film/9303-total-recall/prehled/
trans, https://www.csfd.cz/film/299291-trans/prehled/
tlumočnice, https://www.csfd.cz/film/136243-tlumocnice/prehled/
tolkien, https://www.csfd.cz/film/688771-tolkien/prehled/
toy story 4, https://www.csfd.cz/film/300761-toy-story-4-pribeh-hracek/prehled/
trial by fire, https://www.csfd.cz/film/650306-zkouska-ohnem/prehled/
tři sekundy, https://www.csfd.cz/film/649812-tri-vteriny/prehled/
tři králové, https://www.csfd.cz/film/11500-tri-kralove/prehled/
u zlaté rukavice, https://www.csfd.cz/film/657386-u-zlate-rukavice/prehled/
v kůži johna malkoviche, https://www.csfd.cz/film/4871-v-kuzi-johna-malkoviche/prehled/
tváří v tvář, https://www.csfd.cz/film/790266-tvari-v-tvar/prehled/
tři smrti marisely escobedo, https://www.csfd.cz/film/924407-tri-smrti-marisely-escobedo/prehled/
v utajení, https://www.csfd.cz/film/388591-v-utajeni/prehled/
v síti, https://www.csfd.cz/film/720753-v-siti/prehled/
velký flám, https://www.csfd.cz/film/32115-velky-flam/prehled/
v.h.s.94, https://www.csfd.cz/film/1078800-v-h-s-94/prehled/
v řetězech, https://www.csfd.cz/film/223800-v-retezech/prehled/
vlak do pusanu, https://www.csfd.cz/film/412644-vlak-do-pusanu/prehled/
vymitač ďabla, https://www.csfd.cz/film/3190-vymitac-dabla/prehled/
výjimeční, https://www.csfd.cz/film/722585-vyjimecni/prehled/
yakuza and the family, https://www.csfd.cz/film/980931-rodina/prehled/
vzpomeň si, https://www.csfd.cz/film/412234-vzpomen-si/prehled/
who am i - žádný systém není bezpečný, https://www.csfd.cz/film/387030-who-am-i-zadny-system-neni-bezpecny/prehled/
wuthering heights, https://www.csfd.cz/film/1162726-wuthering-heights/prehled/
zelená kniha, https://www.csfd.cz/film/600912-zelena-kniha/prehled/
zachraňte vojína ryana, https://www.csfd.cz/film/8652-zachrante-vojina-ryana/prehled/
zakletý v čase, https://www.csfd.cz/film/1123279-zaklety-v-case/prehled/
tři billboardy kousek za ebbingem, https://www.csfd.cz/film/439559-tri-billboardy-kousek-za-ebbingem/prehled/
zlo s lidskou tváří, https://www.csfd.cz/film/621582-zlo-s-lidskou-tvari/prehled/
veřejní nepřatelé, https://www.csfd.cz/film/236238-verejni-nepratele/prehled/
červená karkulka, https://www.csfd.cz/film/283223-cervena-karkulka/prehled/
zkurvená noc, https://www.csfd.cz/film/76722-zkurvena-noc/prehled/
číslo 23, https://www.csfd.cz/film/223269-23/prehled/
zprávař 2 legenda pokračuje, https://www.csfd.cz/film/317657-zpravar-2-legenda-pokracuje/prehled/
zlodějka knih, https://www.csfd.cz/film/346598-zlodejka-knih/prehled/
zmrzlá zem, https://www.csfd.cz/film/300276-uzemi-mrazu/prehled/
četa, https://www.csfd.cz/film/8759-ceta/prehled/
údolí stínů, https://www.csfd.cz/film/12861-udoli-stinu/prehled/
zkáza paní grace, https://www.csfd.cz/film/807212-zkaza-pani-grace/prehled/
čistá duše, https://www.csfd.cz/film/4543-cista-duse/prehled/
žhavé výstřely 2, https://www.csfd.cz/film/5-zhave-vystrely-2/prehled/
zkažená mládež, https://www.csfd.cz/film/232359-zkazena-mladez/prehled/
zombies den d přichází, https://www.csfd.cz/film/221869-zombies-den-d-prichazi/prehled/
cesta upírů van helsing vs dracula, https://www.csfd.cz/film/216279-cesta-upiru-van-helsing-vs-dracula/prehled/
abraham lincoln vs zombies, https://www.csfd.cz/film/164355-abraham-lincoln-vs-zombies/prehled/
člověk bez osudu, https://www.csfd.cz/film/199153-clovek-bez-osudu/prehled/
ďábel, https://www.csfd.cz/film/727430-dabel/prehled/
šarlatán, https://www.csfd.cz/film/76913-sarlatan/prehled/
útok 6-ti hlavého žraloka, https://www.csfd.cz/film/643803-6-headed-shark-attack/recenze/
megažralok vs. obří chobotnice, https://www.csfd.cz/film/258268-megazralok-vs-obri-chobotnice/prehled/
vraždící buldozer, https://www.csfd.cz/film/217887-vrazdici-buldozer/prehled/
piraňa 3d, https://www.csfd.cz/film/230064-pirana-3d/prehled/
žraločí tornádo 6 the last sharknado - its about time, https://www.csfd.cz/film/602533-zraloci-tornado-6/prehled/
žraločí muž, https://www.csfd.cz/film/229705-zraloci-muz/prehled/
útok trojhlavého žraloka, https://www.csfd.cz/film/38692-utok-trojhlaveho-zraloka/prehled/
30 dní paranormalní aktivity s ďáblem v těle ženy která nenavidí muže, https://www.csfd.cz/film/327782-30-dni-paranormalni-aktivity-s-dablem-v-tele-zeny-ktera-nenavidi-muze/prehled/
žraločí tornádo 4, https://www.csfd.cz/film/436474-zraloci-tornado-4/prehled/
žraločí tornádo 5 global swarming, https://www.csfd.cz/film/498075-zraloci-tornado-5/prehled/
piraňa 3dd, https://www.csfd.cz/film/289484-pirana-3dd/prehled/
žraločí tornádo 3, https://www.csfd.cz/film/388437-zraloci-tornado-3/prehled/
útok pětihlavého žraloka, https://www.csfd.cz/film/533800-utok-petihlaveho-zraloka/prehled/
boa vs. python, https://www.csfd.cz/film/178737-boa-vs-python/prehled/
hadi ve vlaku, https://www.csfd.cz/film/223660-hadi-ve-vlaku/prehled/
